ID,Ticker,Name
1,NVDA,NVIDIA Corporation
2,AAPL,Apple Inc.
3,MSFT,Microsoft Corporation
4,AMZN,Amazon.com
5,GOOG,Alphabet Inc.
6,GOOGL,Alphabet Inc.
7,META,Meta Platforms
8,TSLA,Tesla
9,AVGO,Broadcom Inc.
10,NFLX,Netflix
11,COST,Costco Wholesale Corporation
12,ASML,ASML Holding N.V.
13,TMUS,T-Mobile US
14,CSCO,Cisco Systems
15,AZN,AstraZeneca PLC
16,LIN,Linde plc
17,ISRG,Intuitive Surgical
18,PEP,PepsiCo
19,AMD,Advanced Micro Devices
20,QCOM,QUALCOMM Incorporated
21,ADBE,Adobe Inc.
22,PLTR,Palantir Technologies Inc.
23,ARM,Arm Holdings plc
24,TXN,Texas Instruments Incorporated
25,INTU,Intuit Inc.
26,BKNG,Booking Holdings Inc.
27,PDD,PDD Holdings Inc.
28,AMAT,Applied Materials
29,AMGN,Amgen Inc.
30,HON,Honeywell International Inc.
31,CMCSA,Comcast Corporation
32,SNY,Sanofi
33,PANW,Palo Alto Networks
34,APP,AppLovin Corporation
35,ADP,Automatic Data Processing
36,GILD,Gilead Sciences
37,MU,Micron Technology
38,VRTX,Vertex Pharmaceuticals Incorporated
39,SBUX,Starbucks Corporation
40,CEG,Constellation Energy Corporation
41,ADI,Analog Devices
42,MRVL,Marvell Technology
43,LRCX,Lam Research Corporation
44,KLAC,KLA Corporation
45,MELI,MercadoLibre
46,CRWD,CrowdStrike Holdings
47,EQIX,Equinix
48,INTC,Intel Corporation
49,PYPL,PayPal Holdings
50,MSTR,MicroStrategy Incorporated
51,CDNS,Cadence Design Systems
52,CME,CME Group Inc.
53,SNPS,Synopsys
54,CTAS,Cintas Corporation
55,ABNB,Airbnb
56,MAR,Marriott International
57,MDLZ,Mondelez International
58,DASH,DoorDash
59,COIN,Coinbase Global
60,FTNT,Fortinet
61,REGN,Regeneron Pharmaceuticals
62,ORLY,O'Reilly Automotive
63,TEAM,Atlassian Corporation
64,WDAY,Workday
65,NTES,NetEase
66,ADSK,Autodesk
67,CSX,CSX Corporation
68,TTD,The Trade Desk
69,JD,JD.com
70,CHTR,Charter Communications
71,PCAR,PACCAR Inc
72,ROP,Roper Technologies
73,CPRT,Copart
74,NXPI,NXP Semiconductors N.V.
75,PAYX,Paychex
76,AEP,American Electric Power Company
77,FANG,Diamondback Energy
78,ROST,Ross Stores
79,LULU,Lululemon Athletica Inc.
80,DDOG,Datadog
81,MNST,Monster Beverage Corporation
82,NDAQ,Nasdaq
83,TCOM,Trip.com Group Limited
84,AXON,Axon Enterprise
85,HOOD,Robinhood Markets
86,BKR,Baker Hughes Company
87,FAST,Fastenal Company
88,KDP,Keurig Dr Pepper Inc.
89,ODFL,Old Dominion Freight Line
90,GEHC,GE HealthCare Technologies Inc.
91,ARGX,argenx SE
92,CTSH,Cognizant Technology Solutions Corporation
93,EXC,Exelon Corporation
94,VRSK,Verisk Analytics
95,XEL,Xcel Energy Inc.
96,ALNY,Alnylam Pharmaceuticals
97,IDXX,IDEXX Laboratories
98,CCEP,Coca-Cola Europacific Partners PLC
99,KHC,The Kraft Heinz Company
100,ACGL,Arch Capital Group Ltd.
101,DXCM,DexCom
102,UAL,United Airlines Holdings
103,MPWR,Monolithic Power Systems
104,TTWO,Take-Two Interactive Software
105,WTW,Willis Towers Watson Public Limited Company
106,FER,Ferrovial SE
107,ANSS,ANSYS
108,FCNCA,First Citizens BancShares
109,EBAY,eBay Inc.
110,TSCO,Tractor Supply Company
111,TW,Tradeweb Markets Inc.
112,FCNCO,First Citizens BancShares
113,EA,Electronic Arts Inc.
114,CSGP,CoStar Group
115,BIDU,Baidu
116,MCHP,Microchip Technology Incorporated
117,ZS,Zscaler
118,FITB,Fifth Third Bancorp
119,BNTX,BioNTech SE
120,LPLA,LPL Financial Holdings Inc.
121,CDW,CDW Corporation
122,ERIC,Telefonaktiebolaget LM Ericsson (publ)
123,NTAP,NetApp
124,TROW,T. Rowe Price Group
125,TPG,TPG Inc.
126,WBD,Warner Bros. Discovery
127,HBAN,Huntington Bancshares Incorporated
128,ZM,Zoom Communications Inc.
129,EXE,Expand Energy Corporation
130,IBKR,Interactive Brokers Group
131,ONC,BeiGene
132,WDC,Western Digital Corporation
133,ON,ON Semiconductor Corporation
134,LI,Li Auto Inc.
135,FWONK,Formula One Group
136,GFS,GlobalFoundries Inc.
137,STX,Seagate Technology Holdings plc
138,FWONA,Formula One Group
139,PTC,PTC Inc.
140,FOXA,Fox Corporation
141,RYAAY,Ryanair Holdings plc
142,NTRA,Natera
143,EXPE,Expedia Group
144,FOX,Fox Corporation
145,NTRS,Northern Trust Corporation
146,ILMN,Illumina
147,CINF,Cincinnati Financial Corporation
148,CHKP,Check Point Software Technologies Ltd.
149,ZBRA,Zebra Technologies Corporation
150,BIIB,Biogen Inc.
151,VOD,Vodafone Group Public Limited Company
152,SBAC,SBA Communications Corporation
153,TER,Teradyne
154,CG,The Carlyle Group Inc.
155,VRSN,VeriSign
156,ERIE,Erie Indemnity Company
157,DKNG,DraftKings Inc.
158,SSNC,SS&C Technologies Holdings
159,PODD,Insulet Corporation
160,MDB,MongoDB
161,COO,The Cooper Companies
162,SMCI,Super Micro Computer
163,SOFI,SoFi Technologies
164,ULTA,Ulta Beauty
165,TRMB,Trimble Inc.
166,PFG,Principal Financial Group
167,STLD,Steel Dynamics
168,DOCU,DocuSign
169,Z,Zillow Group
170,SYM,Symbotic Inc.
171,GRAB,Grab Holdings Limited
172,ALAB,Astera Labs
173,RPRX,Royalty Pharma plc
174,FSLR,First Solar
175,KSPI,Joint Stock Company Kaspi.kz
176,ZG,Zillow Group
177,CYBR,CyberArk Software Ltd.
178,MANH,Manhattan Associates
179,SMMT,Summit Therapeutics Inc.
180,AFRM,Affirm Holdings
181,ALGN,Align Technology
182,NTNX,Nutanix
183,FLEX,Flex Ltd.
184,JBHT,J.B. Hunt Transport Services
185,GEN,Gen Digital Inc.
186,NWS,News Corporation
187,UTHR,United Therapeutics Corporation
188,ICLR,ICON Public Limited Company
189,AZPN,Aspen Technology
190,HOLX,Hologic
191,FFIV,F5
192,NWSA,News Corporation
193,MRNA,Moderna
194,ENTG,Entegris
195,DLTR,Dollar Tree
196,WMG,Warner Music Group Corp.
197,CASY,Casey's General Stores
198,OKTA,Okta
199,RKLB,Rocket Lab USA
200,ARCC,Ares Capital Corporation
201,LINE,Lineage
202,LNT,Alliant Energy Corporation
203,NBIX,Neurocrine Biosciences
204,DPZ,Domino's Pizza
205,AKAM,Akamai Technologies
206,SFM,Sprouts Farmers Market
207,EVRG,Evergy
208,SWKS,Skyworks Solutions
209,BSY,Bentley Systems
210,DUOL,Duolingo
211,PAA,Plains All American Pipeline
212,EWBC,East West Bancorp
213,MORN,Morningstar
214,INSM,Insmed Incorporated
215,INCY,Incyte Corporation
216,GLPI,Gaming and Leisure Properties
217,ITCI,Intra-Cellular Therapies
218,LOGI,Logitech International S.A.
219,POOL,Pool Corporation
220,CRDO,Credo Technology Group Holding Ltd
221,GMAB,Genmab A/S
222,ESLT,Elbit Systems Ltd.
223,MBLY,Mobileye Global Inc.
224,FUTU,Futu Holdings Limited
225,VTRS,Viatris Inc.
226,WIX,Wix.com Ltd.
227,LAMR,Lamar Advertising Company
228,SAIA,Saia
229,REG,Regency Centers Corporation
230,RIVN,Rivian Automotive
231,CHRW,C.H. Robinson Worldwide
232,JKHY,Jack Henry & Associates
233,NDSN,Nordson Corporation
234,MNDY,monday.com Ltd.
235,TECH,Bio-Techne Corporation
236,MMYT,MakeMyTrip Limited
237,TXRH,Texas Roadhouse
238,HST,Host Hotels & Resorts
239,AUR,Aurora Innovation
240,CART,Maplebear Inc.
241,ROKU,Roku
242,BMRN,BioMarin Pharmaceutical Inc.
243,LBRDK,Liberty Broadband Corporation
244,CPB,The Campbell's Company
245,LBRDA,Liberty Broadband Corporation
246,GGAL,Grupo Financiero Galicia S.A.
247,PCTY,Paylocity Holding Corporation
248,COKE,Coca-Cola Consolidated
249,TLN,Talen Energy Corporation
250,PCVX,Vaxcyte
251,WWD,Woodward
252,AAL,American Airlines Group Inc.
253,LECO,Lincoln Electric Holdings
254,SRPT,Sarepta Therapeutics
255,SEIC,SEI Investments Company
256,PPC,Pilgrim's Pride Corporation
257,AAON,AAON
258,MTSI,MACOM Technology Solutions Holdings
259,MEDP,Medpace Holdings
260,GTLB,GitLab Inc.
261,EXAS,Exact Sciences Corporation
262,TTEK,Tetra Tech
263,WBA,Walgreens Boots Alliance
264,HTHT,H World Group Limited
265,DSGX,The Descartes Systems Group Inc.
266,MRNO,Murano Global Investments Plc
267,NICE,NICE Ltd.
268,LKQ,LKQ Corporation
269,NBIS,Nebius Group N.V.
270,DBX,Dropbox
271,DRS,Leonardo DRS
272,DOX,Amdocs Limited
273,GLBE,Global-E Online Ltd.
274,PNFP,Pinnacle Financial Partners
275,CFLT,Confluent
276,ALTR,Altair Engineering Inc.
277,VFS,VinFast Auto Ltd.
278,HSIC,Henry Schein
279,FTAI,FTAI Aviation Ltd.
280,RGEN,Repligen Corporation
281,PEGA,Pegasystems Inc.
282,HQY,HealthEquity
283,WYNN,Wynn Resorts
284,EXEL,Exelixis
285,CHDN,Churchill Downs Incorporated
286,RGLD,Royal Gold
287,MIDD,The Middleby Corporation
288,MASI,Masimo Corporation
289,HLNE,Hamilton Lane Incorporated
290,APPF,AppFolio
291,VNOM,Viper Energy
292,VERX,Vertex
293,FYBR,Frontier Communications Parent
294,CBSH,Commerce Bancshares
295,TTAN,ServiceTitan
296,WTFC,Wintrust Financial Corporation
297,BRKR,Bruker Corporation
298,ZION,Zions Bancorporation
299,APA,APA Corporation
300,AGNC,AGNC Investment Corp.
301,ENPH,Enphase Energy
302,MTCH,Match Group
303,MKTX,MarketAxess Holdings Inc.
304,QRVO,Qorvo
305,LCID,Lucid Group
306,FSV,FirstService Corporation
307,FRHC,Freedom Holding Corp.
308,WING,Wingstop Inc.
309,ROIV,Roivant Sciences Ltd.
310,TEM,Tempus AI
311,HAS,Hasbro
312,SATS,EchoStar Corporation
313,MKSI,MKS Instruments
314,EXLS,ExlService Holdings
315,LSCC,Lattice Semiconductor Corporation
316,ENSG,The Ensign Group
317,PARAA,Paramount Global
318,STEP,StepStone Group Inc.
319,FRPT,Freshpet
320,ASND,Ascendis Pharma A/S
321,RVMD,Revolution Medicines
322,OTEX,Open Text Corporation
323,LNW,Light & Wonder
324,CCCS,CCC Intelligent Solutions Holdings Inc.
325,SIRI,Sirius XM Holdings Inc.
326,PARA,Paramount Global
327,JAZZ,Jazz Pharmaceuticals plc
328,ONB,Old National Bancorp
329,CZR,Caesars Entertainment
330,OS,OneStream
331,NVMI,Nova Ltd.
332,BECN,Beacon Roofing Supply
333,BPMC,Blueprint Medicines Corporation
334,BPOP,Popular
335,SPSC,SPS Commerce
336,CHRD,Chord Energy Corporation
337,WSC,WillScot Holdings Corporation
338,MDGL,Madrigal Pharmaceuticals
339,OLED,Universal Display Corporation
340,CIGI,Colliers International Group Inc.
341,BBIO,BridgeBio Pharma
342,HALO,Halozyme Therapeutics
343,DJT,Trump Media & Technology Group Corp.
344,UFPI,UFP Industries
345,BOKF,BOK Financial Corporation
346,BILI,Bilibili Inc.
347,HCP,HashiCorp
348,CVLT,Commvault Systems
349,CGNX,Cognex Corporation
350,OLLI,Ollie's Bargain Outlet Holdings
351,XP,XP Inc.
352,LNTH,Lantheus Holdings
353,LEGN,Legend Biotech Corporation
354,WAY,Waystar Holding Corp.
355,RMBS,Rambus Inc.
356,COOP,Mr. Cooper Group Inc.
357,CWST,Casella Waste Systems
358,LLYVK,Liberty Live Group
359,LITE,Lumentum Holdings Inc.
360,LLYVA,Liberty Live Group
361,BZ,Kanzhun Limited
362,MARA,MARA Holdings
363,CACC,Credit Acceptance Corporation
364,AMKR,Amkor Technology
365,GNTX,Gentex Corporation
366,SMTC,Semtech Corporation
367,CORT,Corcept Therapeutics Incorporated
368,QFIN,Qifu Technology
369,SRAD,Sportradar Group AG
370,CSWI,CSW Industrials
371,UPST,Upstart Holdings
372,MAT,Mattel
373,LSTR,Landstar System
374,VIRT,Virtu Financial
375,TSEM,Tower Semiconductor Ltd.
376,SLM,SLM Corporation
377,MMSI,Merit Medical Systems
378,CELH,Celsius Holdings
379,CROX,Crocs
380,CYTK,Cytokinetics
381,NXT,Nextracker Inc.
382,UMBF,UMB Financial Corporation
383,ASTS,AST SpaceMobile
384,ETSY,Etsy
385,CRVL,CorVel Corporation
386,COLB,Columbia Banking System
387,SOUN,SoundHound AI
388,NUVL,Nuvalent
389,GH,Guardant Health
390,LFUS,Littelfuse
391,TLX,Telix Pharmaceuticals Limited
392,SITM,SiTime Corporation
393,REYN,Reynolds Consumer Products Inc.
394,OZK,Bank OZK
395,STRL,Sterling Infrastructure
396,CHX,ChampionX Corporation
397,LYFT,Lyft
398,IESC,IES Holdings
399,VLY,Valley National Bancorp
400,SIGI,Selective Insurance Group
401,GRFS,Grifols
402,FRSH,Freshworks Inc.
403,NSIT,Insight Enterprises
404,IONS,Ionis Pharmaceuticals
405,ACIW,ACI Worldwide
406,FFIN,First Financial Bankshares
407,CRUS,Cirrus Logic
408,URBN,Urban Outfitters
409,INTA,Intapp
410,NOVT,Novanta Inc.
411,SAIC,Science Applications International Corporation
412,FIVE,Five Below
413,QLYS,Qualys
414,CALM,Cal-Maine Foods
415,TENB,Tenable Holdings
416,BCPC,Balchem Corporation
417,UBSI,United Bankshares
418,CLBT,Cellebrite DI Ltd.
419,OPCH,Option Care Health
420,KTOS,Kratos Defense & Security Solutions
421,COLM,Columbia Sportswear Company
422,WFRD,Weatherford International plc
423,ACT,Enact Holdings
424,HWC,Hancock Whitney Corporation
425,FCFS,FirstCash Holdings
426,PAGP,Plains GP Holdings
427,AVAV,AeroVironment
428,ALKS,Alkermes plc
429,AXSM,Axsome Therapeutics
430,PECO,Phillips Edison & Company
431,VRNS,Varonis Systems
432,IEP,Icahn Enterprises L.P.
433,LOPE,Grand Canyon Education
434,NXST,Nexstar Media Group
435,RRR,Red Rock Resorts
436,RUSHA,Rush Enterprises
437,ITRI,Itron
438,ESGR,Enstar Group Limited
439,RUSHB,Rush Enterprises
440,BWIN,The Baldwin Insurance Group
441,RDNT,RadNet
442,LANC,Lancaster Colony Corporation
443,BRZE,Braze
444,AEIS,Advanced Energy Industries
445,ROAD,Construction Partners
446,AVT,Avnet
447,NARI,Inari Medical
448,EXPO,Exponent
449,TIGO,Millicom International Cellular S.A.
450,PONY,Pony AI Inc.
451,SKYW,SkyWest
452,CAMT,Camtek Ltd.
453,RELY,Remitly Global
454,BGC,BGC Group
455,SANM,Sanmina Corporation
456,SNRE,Sunrise Communications AG
457,IPAR,Interparfums
458,FELE,Franklin Electric Co.
459,VRNA,Verona Pharma plc
460,RIOT,Riot Platforms
461,TGTX,TG Therapeutics
462,IDCC,InterDigital
463,ALGM,Allegro MicroSystems
464,CORZ,Core Scientific
465,KRYS,Krystal Biotech
466,NWL,Newell Brands Inc.
467,FTDR,Frontdoor
468,GDS,GDS Holdings Limited
469,VRRM,Verra Mobility Corporation
470,SLAB,Silicon Laboratories Inc.
471,EEFT,Euronet Worldwide
472,VCTR,Victory Capital Holdings
473,LBTYK,Liberty Global Ltd.
474,LBTYB,Liberty Global Ltd.
475,LBTYA,Liberty Global Ltd.
476,ICUI,ICU Medical
477,WRD,WeRide Inc.
478,GLNG,Golar LNG Limited
479,PLXS,Plexus Corp.
480,NFE,New Fortress Energy Inc.
481,GBDC,Golub Capital BDC
482,ACHC,Acadia Healthcare Company
483,SRRK,Scholar Rock Holding Corporation
484,IBOC,International Bancshares Corporation
485,RARE,Ultragenyx Pharmaceutical Inc.
486,DORM,Dorman Products
487,CARG,CarGurus
488,PYCR,Paycor HCM
489,SBRA,Sabra Health Care REIT
490,PRCT,PROCEPT BioRobotics Corporation
491,BTSG,BrightSpring Health Services
492,FIZZ,National Beverage Corp.
493,BANF,BancFirst Corporation
494,ALVO,Alvotech
495,ASO,Academy Sports and Outdoors
496,FROG,JFrog Ltd.
497,XRAY,DENTSPLY SIRONA Inc.
498,SHC,Sotera Health Company
499,RUM,Rumble Inc.
500,OMAB,Grupo Aeroportuario del Centro Norte
501,DOOO,BRP Inc.
502,PI,Impinj
503,VKTX,Viking Therapeutics
504,CVCO,Cavco Industries
505,ADMA,ADMA Biologics
506,SMPL,The Simply Good Foods Company
507,BLKB,Blackbaud
508,BL,BlackLine
509,NCNO,nCino
510,ATAT,Atour Lifestyle Holdings Limited
511,ARLP,Alliance Resource Partners
512,FULT,Fulton Financial Corporation
513,GSHD,Goosehead Insurance
514,APLS,Apellis Pharmaceuticals
515,CRSP,CRISPR Therapeutics AG
516,RGTI,Rigetti Computing
517,IAC,IAC Inc.
518,PAYO,Payoneer Global Inc.
519,EBC,Eastern Bankshares
520,CRNX,Crinetics Pharmaceuticals
521,CCOI,Cogent Communications Holdings
522,ACVA,ACV Auctions Inc.
523,PTCT,PTC Therapeutics
524,TCBI,Texas Capital Bancshares
525,LIF,Life360
526,RYTM,Rhythm Pharmaceuticals
527,RNA,Avidity Biosciences
528,ALKT,Alkami Technology
529,IRDM,Iridium Communications Inc.
530,TFSL,TFS Financial Corporation
531,POWI,Power Integrations
532,POWL,Powell Industries
533,SNEX,StoneX Group Inc.
534,LUNR,Intuitive Machines
535,IRTC,iRhythm Technologies
536,DLO,DLocal Limited
537,ZI,ZoomInfo Technologies Inc.
538,MEOH,Methanex Corporation
539,PTEN,Patterson-UTI Energy
540,FIBK,First Interstate BancSystem
541,ACLX,Arcellx
542,VCYT,Veracyte
543,IMVT,Immunovant
544,AVPT,AvePoint
545,CNXC,Concentrix Corporation
546,FHB,First Hawaiian
547,NMRK,Newmark Group
548,OSIS,OSI Systems
549,AMBA,Ambarella
550,NWE,NorthWestern Energy Group
551,CATY,Cathay General Bancorp
552,USLM,United States Lime & Minerals
553,PCH,PotlatchDeltic Corporation
554,SYNA,Synaptics Incorporated
555,OTTR,Otter Tail Corporation
556,HEES,H&E Equipment Services
557,CLSK,CleanSpark
558,FORM,FormFactor
559,TWST,Twist Bioscience Corporation
560,VEON,VEON Ltd.
561,PTON,Peloton Interactive
562,IPGP,IPG Photonics Corporation
563,DNLI,Denali Therapeutics Inc.
564,FA,First Advantage Corporation
565,PTVE,Pactiv Evergreen Inc.
566,PATK,Patrick Industries
567,WSFS,WSFS Financial Corporation
568,CAR,Avis Budget Group
569,WDFC,WD-40 Company
570,ACAD,ACADIA Pharmaceuticals Inc.
571,MGEE,MGE Energy
572,LFST,LifeStance Health Group
573,XENE,Xenon Pharmaceuticals Inc.
574,BTDR,Bitdeer Technologies Group
575,AMED,Amedisys
576,ALRM,Alarm.com Holdings
577,PENN,PENN Entertainment
578,MGRC,McGrath RentCorp
579,NMIH,NMI Holdings
580,BHF,Brighthouse Financial
581,SHOO,Steven Madden
582,FIVN,Five9
583,QDEL,QuidelOrtho Corporation
584,WEN,The Wendy's Company
585,RXRX,Recursion Pharmaceuticals
586,CVBF,CVB Financial Corp.
587,MLTX,MoonLake Immunotherapeutics
588,KYMR,Kymera Therapeutics
589,FOLD,Amicus Therapeutics
590,ALHC,Alignment Healthcare
591,ZLAB,Zai Lab Limited
592,HTLF,Heartland Financial USA
593,IREN,IREN Limited
594,IOSP,Innospec Inc.
595,NVCR,NovoCure Limited
596,LAUR,Laureate Education
597,VCEL,Vericel Corporation
598,SFNC,Simmons First National Corporation
599,INDB,Independent Bank Corp.
600,MRUS,Merus N.V.
601,DIOD,Diodes Incorporated
602,JBLU,JetBlue Airways Corporation
603,HUBG,Hub Group
604,PLMR,Palomar Holdings
605,PDCO,Patterson Companies
606,PSMT,PriceSmart
607,PRVA,Privia Health Group
608,DRVN,Driven Brands Holdings Inc.
609,CPRX,Catalyst Pharmaceuticals
610,AMRX,Amneal Pharmaceuticals
611,SWTX,SpringWorks Therapeutics
612,EWTX,Edgewise Therapeutics
613,GT,The Goodyear Tire & Rubber Company
614,JJSF,J&J Snack Foods Corp.
615,TBBK,The Bancorp
616,PLTK,Playtika Holding Corp.
617,FFBC,First Financial Bancorp.
618,TTMI,TTM Technologies
619,CAKE,The Cheesecake Factory Incorporated
620,LIVN,LivaNova PLC
621,MRX,Marex Group plc
622,TOWN,TowneBank
623,VICR,Vicor Corporation
624,ARWR,Arrowhead Pharmaceuticals
625,STNE,StoneCo Ltd.
626,FLNC,Fluence Energy
627,SGRY,Surgery Partners
628,AGYS,Agilysys
629,MRCY,Mercury Systems
630,JANX,Janux Therapeutics
631,GCMG,GCM Grosvenor Inc.
632,ODD,Oddity Tech Ltd.
633,MYRG,MYR Group Inc.
634,NAMS,NewAmsterdam Pharma Company N.V.
635,MCW,Mister Car Wash
636,YY,JOYY Inc.
637,NEOG,Neogen Corporation
638,KC,Kingsoft Cloud Holdings Limited
639,AZTA,Azenta
640,TRIP,Tripadvisor
641,RPD,Rapid7
642,HUT,Hut 8 Corp.
643,APPN,Appian Corporation
644,RNW,ReNew Energy Global Plc
645,KLIC,Kulicke and Soffa Industries
646,HWKN,Hawkins
647,WULF,TeraWulf Inc.
648,CLOV,Clover Health Investments
649,PPBI,Pacific Premier Bancorp
650,WAFD,WaFd
651,BATRA,Atlanta Braves Holdings
652,MGNI,Magnite
653,TNDM,Tandem Diabetes Care
654,BANR,Banner Corporation
655,CENT,Central Garden & Pet Company
656,FLYW,Flywire Corporation
657,WB,Weibo Corporation
658,FRME,First Merchants Corporation
659,VC,Visteon Corporation
660,BATRK,Atlanta Braves Holdings
661,MLCO,Melco Resorts & Entertainment Limited
662,STRA,Strategic Education
663,CGON,CG Oncology
664,ADUS,Addus HomeCare Corporation
665,HCM,HUTCHMED (China) Limited
666,ROIC,Retail Opportunity Investments Corp.
667,VIAV,Viavi Solutions Inc.
668,ENVX,Enovix Corporation
669,ICFI,ICF International
670,IBRX,ImmunityBio
671,ARCB,ArcBest Corporation
672,ACLS,Axcelis Technologies
673,PWP,Perella Weinberg Partners
674,PRGS,Progress Software Corporation
675,RUN,Sunrun Inc.
676,WERN,Werner Enterprises
677,MESO,Mesoblast Limited
678,APGE,Apogee Therapeutics
679,WSBC,WesBanco
680,MIRM,Mirum Pharmaceuticals
681,ZD,Ziff Davis
682,NBTB,NBT Bancorp Inc.
683,SBCF,Seacoast Banking Corporation of Florida
684,EXTR,Extreme Networks
685,PTGX,Protagonist Therapeutics
686,HIMX,Himax Technologies
687,NEXT,NextDecade Corporation
688,SYBT,Stock Yards Bancorp
689,PSNY,Polestar Automotive Holding UK PLC
690,COCO,The Vita Coco Company
691,TRMK,Trustmark Corporation
692,INTR,Inter & Co
693,LMAT,LeMaitre Vascular
694,WGS,GeneDx Holdings Corp.
695,UPWK,Upwork Inc.
696,LGND,Ligand Pharmaceuticals Incorporated
697,CNTA,Centessa Pharmaceuticals plc
698,CHEF,The Chefs' Warehouse
699,HRMY,Harmony Biosciences Holdings
700,VSEC,VSE Corporation
701,AVDX,AvidXchange Holdings
702,LOT,Lotus Technology Inc.
703,PLUS,ePlus inc.
704,PINC,Premier
705,LION,Lionsgate Studios Corp.
706,VERA,Vera Therapeutics
707,IQ,iQIYI
708,CERT,Certara
709,SUPN,Supernus Pharmaceuticals
710,LGIH,LGI Homes
711,EFSC,Enterprise Financial Services Corp
712,CENTA,Central Garden & Pet Company
713,OSW,OneSpaWorld Holdings Limited
714,CRTO,Criteo S.A.
715,SLNO,Soleno Therapeutics
716,TRUP,Trupanion
717,BEAM,Beam Therapeutics Inc.
718,UFPT,UFP Technologies
719,CIFR,Cipher Mining Inc.
720,GTX,Garrett Motion Inc.
721,HURN,Huron Consulting Group Inc.
722,IDYA,IDEAYA Biosciences
723,TMDX,TransMedics Group
724,HLMN,Hillman Solutions Corp.
725,OMCL,Omnicell
726,IART,Integra LifeSciences Holdings Corporation
727,APLD,Applied Digital Corporation
728,ATRC,AtriCure
729,HSAI,Hesai Group
730,AGIO,Agios Pharmaceuticals
731,MXL,MaxLinear
732,CASH,Pathward Financial
733,ENLT,Enlight Renewable Energy Ltd
734,CNXN,PC Connection
735,PSEC,Prospect Capital Corporation
736,SPT,Sprout Social
737,NEO,NeoGenomics
738,IOVA,Iovance Biotherapeutics
739,GDRX,GoodRx Holdings
740,ULCC,Frontier Group Holdings
741,EVCM,EverCommerce Inc.
742,PLUG,Plug Power Inc.
743,JAMF,Jamf Holding Corp.
744,MQ,Marqeta
745,ROCK,Gibraltar Industries
746,VITL,Vital Farms
747,PGNY,Progyny
748,VNET,VNET Group
749,TARS,Tarsus Pharmaceuticals
750,PAX,Patria Investments Limited
751,TRMD,TORM plc
752,PRDO,Perdoceo Education Corporation
753,GDYN,Grid Dynamics Holdings
754,BLTE,Belite Bio
755,TFIN,Triumph Financial
756,WVE,Wave Life Sciences Ltd.
757,AKRO,Akero Therapeutics
758,CENX,Century Aluminum Company
759,ASTH,Astrana Health
760,ALGT,Allegiant Travel Company
761,GERN,Geron Corporation
762,FBNC,First Bancorp
763,CMPR,Cimpress plc
764,SDGR,Schrödinger
765,TXG,10x Genomics
766,HPK,HighPeak Energy
767,MBIN,Merchants Bancorp
768,SIMO,Silicon Motion Technology Corporation
769,GOGL,Golden Ocean Group Limited
770,TVTX,Travere Therapeutics
771,LKFN,Lakeland Financial Corporation
772,AMPH,Amphastar Pharmaceuticals
773,SBLK,Star Bulk Carriers Corp.
774,ARHS,Arhaus
775,STGW,Stagwell Inc.
776,WBTN,WEBTOON Entertainment Inc.
777,IRON,Disc Medicine
778,EXPI,eXp World Holdings
779,CHCO,City Holding Company
780,SONO,Sonos
781,PCT,PureCycle Technologies
782,SKWD,Skyward Specialty Insurance Group
783,NWBI,Northwest Bancshares
784,DVAX,Dynavax Technologies Corporation
785,IAS,Integral Ad Science Holding Corp.
786,DXPE,DXP Enterprises
787,UCTT,Ultra Clean Holdings
788,MNKD,MannKind Corporation
789,MTTR,Matterport
790,TWFG,TWFG
791,IMCR,Immunocore Holdings plc
792,NTCT,NetScout Systems
793,NNE,NANO Nuclear Energy Inc.
794,SSRM,SSR Mining Inc.
795,ARQT,Arcutis Biotherapeutics
796,XMTR,Xometry
797,UPBD,Upbound Group
798,GPCR,Structure Therapeutics Inc.
799,CLBK,Columbia Financial
800,OPRA,Opera Limited
801,NN,NextNav Inc.
802,FTRE,Fortrea Holdings Inc.
803,CLDX,Celldex Therapeutics
804,DSGR,Distribution Solutions Group
805,GO,Grocery Outlet Holding Corp.
806,BCRX,BioCryst Pharmaceuticals
807,GLPG,Galapagos NV
808,VRNT,Verint Systems Inc.
809,INFN,Infinera Corporation
810,NAVI,Navient Corporation
811,ATEC,Alphatec Holdings
812,HDL,Super Hi International Holding Ltd.
813,MCRI,Monarch Casino & Resort
814,MLKN,MillerKnoll
815,SJW,SJW Group
816,DMLP,Dorchester Minerals
817,HELE,Helen of Troy Limited
818,EVO,Evotec SE
819,CMPO,CompoSecure
820,DNUT,Krispy Kreme
821,CSGS,CSG Systems International
822,AAOI,Applied Optoelectronics
823,PLYA,Playa Hotels & Resorts N.V.
824,TASK,TaskUs
825,INDV,Indivior PLC
826,PRAX,Praxis Precision Medicines
827,AAPG,Ascentage Pharma Group International
828,AFYA,Afya Limited
829,SASR,Sandy Spring Bancorp
830,NVAX,Novavax
831,VSAT,Viasat
832,PLAB,Photronics
833,SPNS,Sapiens International Corporation N.V.
834,VECO,Veeco Instruments Inc.
835,VIR,Vir Biotechnology
836,HOPE,Hope Bancorp
837,VRDN,Viridian Therapeutics
838,INMD,InMode Ltd.
839,LZ,LegalZoom.com
840,ATSG,Air Transport Services Group
841,AMPL,Amplitude
842,ADEA,Adeia Inc.
843,KNSA,Kiniksa Pharmaceuticals International
844,VBTX,Veritex Holdings
845,TCBK,TriCo Bancshares
846,ANDE,The Andersons
847,KRNT,Kornit Digital Ltd.
848,CLMT,Calumet
849,STBA,S&T Bancorp
850,TILE,Interface
851,MRVI,Maravai LifeSciences Holdings
852,KARO,Karooooo Ltd.
853,NRIX,Nurix Therapeutics
854,SRCE,1st Source Corporation
855,QUBT,Quantum Computing Inc.
856,UNIT,Uniti Group Inc.
857,GIII,G-III Apparel Group
858,DYN,Dyne Therapeutics
859,WABC,Westamerica Bancorporation
860,HLIT,Harmonic Inc.
861,WINA,Winmark Corporation
862,XNCR,Xencor
863,SPRY,ARS Pharmaceuticals
864,ACDC,ProFrac Holding Corp.
865,AHCO,AdaptHealth Corp.
866,LILA,Liberty Latin America Ltd.
867,LILAK,Liberty Latin America Ltd.
868,DCOM,Dime Community Bancshares
869,NSSC,Napco Security Technologies
870,CBRL,Cracker Barrel Old Country Store
871,FORTY,Formula Systems (1985) Ltd.
872,QCRH,QCR Holdings
873,EOSE,Eos Energy Enterprises
874,TIGR,UP Fintech Holding Limited
875,SABR,Sabre Corporation
876,SEZL,Sezzle Inc.
877,RXST,RxSight
878,DCBO,Docebo Inc.
879,ARDX,Ardelyx
880,RBCAA,Republic Bancorp
881,BUSE,First Busey Corporation
882,MRTN,Marten Transport
883,MFIC,MidCap Financial Investment Corporation
884,TTGT,TechTarget
885,MDXG,MiMedx Group
886,DSP,Viant Technology Inc.
887,OCSL,Oaktree Specialty Lending Corporation
888,BLFS,BioLife Solutions
889,HTZ,Hertz Global Holdings
890,CRAI,CRA International
891,PZZA,Papa John's International
892,WLFC,Willis Lease Finance Corporation
893,SYRE,Spyre Therapeutics
894,MOMO,Hello Group Inc.
895,CCB,Coastal Financial Corporation
896,ROOT,Root
897,LX,LexinFintech Holdings Ltd.
898,OCUL,Ocular Therapeutix
899,ARVN,Arvinas
900,IMKT.A,Ingles Markets
901,IMKTA,Ingles Markets
902,NMFC,New Mountain Finance Corporation
903,CRCT,Cricut
904,CNCK,Coincheck Group N.V.
905,SGML,Sigma Lithium Corporation
906,NVEE,NV5 Global
907,DAWN,Day One Biopharmaceuticals
908,THRM,Gentherm Incorporated
909,SCSC,ScanSource
910,TBLA,Taboola.com Ltd.
911,AMWD,American Woodmark Corporation
912,SNDX,Syndax Pharmaceuticals
913,FOXF,Fox Factory Holding Corp.
914,LQDA,Liquidia Corporation
915,QNST,QuinStreet
916,APOG,Apogee Enterprises
917,STAA,STAAR Surgical Company
918,BLBD,Blue Bird Corporation
919,XRX,Xerox Holdings Corporation
920,NYAX,Nayax Ltd.
921,CDNA,CareDx
922,ULH,Universal Logistics Holdings
923,COMM,CommScope Holding Company
924,HROW,Harrow
925,ECPG,Encore Capital Group
926,AOSL,Alpha and Omega Semiconductor Limited
927,DGII,Digi International Inc.
928,ADPT,Adaptive Biotechnologies Corporation
929,XPEL,XPEL
930,GOGO,Gogo Inc.
931,INVA,Innoviva
932,INOD,Innodata Inc.
933,MYGN,Myriad Genetics
934,ACMR,ACM Research
935,GABC,German American Bancorp
936,FWRG,First Watch Restaurant Group
937,BMBL,Bumble Inc.
938,LMB,Limbach Holdings
939,KALU,Kaiser Aluminum Corporation
940,SAFT,Safety Insurance Group
941,DAVE,Dave Inc.
942,AMSC,American Superconductor Corporation
943,AUPH,Aurinia Pharmaceuticals Inc.
944,ANIP,ANI Pharmaceuticals
945,PFBC,Preferred Bank
946,FSUN,FirstSun Capital Bancorp
947,PEBO,Peoples Bancorp Inc.
948,LQDT,Liquidity Services
949,PCRX,Pacira BioSciences
950,BBSI,Barrett Business Services
951,NTLA,Intellia Therapeutics
952,RCKT,Rocket Pharmaceuticals
953,COHU,Cohu
954,PLSE,Pulse Biosciences
955,EMBC,Embecta Corp.
956,OCFC,OceanFirst Financial Corp.
957,UDMY,Udemy
958,PENG,Penguin Solutions
959,BELFA,Bel Fuse Inc.
960,AMAL,Amalgamated Financial Corp.
961,VMEO,Vimeo
962,OLPX,Olaplex Holdings
963,ARRY,Array Technologies
964,IGIC,International General Insurance Holdings Ltd.
965,CMCO,Columbus McKinnon Corporation
966,TLRY,Tilray Brands
967,PDFS,PDF Solutions
968,ELVN,Enliven Therapeutics
969,CSWC,Capital Southwest Corporation
970,BRKL,Brookline Bancorp
971,CCEC,Capital Clean Energy Carriers Corp.
972,WOOF,Petco Health and Wellness Company
973,PLAY,Dave & Buster's Entertainment
974,COLL,Collegium Pharmaceutical
975,EH,EHang Holdings Limited
976,BLMN,Bloomin' Brands
977,REPL,Replimune Group
978,EVGO,EVgo
979,REAL,The RealReal
980,BGM,BGM Group Ltd.
981,JBSS,John B. Sanfilippo & Son
982,CECO,CECO Environmental Corp.
983,BELFB,Bel Fuse Inc.
984,TRS,TriMas Corporation
985,ABCL,AbCellera Biologics Inc.
986,BFC,Bank First Corporation
987,HEPS,D-Market Elektronik Hizmetler ve Ticaret A.S.
988,PHVS,Pharvaris N.V.
989,NRDS,NerdWallet
990,ZYME,Zymeworks Inc.
991,OPEN,Opendoor Technologies Inc.
992,SBGI,Sinclair
993,OPK,OPKO Health
994,PSIX,Power Solutions International
995,SDA,SunCar Technology Group Inc.
996,ICHR,Ichor Holdings
997,TH,Target Hospitality Corp.
998,RDFN,Redfin Corporation
999,HSTM,HealthStream
1000,PFC,Premier Financial Corp.
1001,SEAT,Vivid Seats Inc.
1002,CTBI,Community Trust Bancorp
1003,FWRD,Forward Air Corporation
1004,GRAL,GRAIL
1005,GYRE,Gyre Therapeutics
1006,CRSR,Corsair Gaming
1007,AMSF,AMERISAFE
1008,PNTG,The Pennant Group
1009,OCS,Oculis Holding AG
1010,REAX,The Real Brokerage Inc.
1011,HSII,Heidrick & Struggles International
1012,AVAH,Aveanna Healthcare Holdings Inc.
1013,ANGI,Angi Inc.
1014,BHRB,Burke & Herbert Financial Services Corp.
1015,CGBD,Carlyle Secured Lending
1016,PTLO,Portillo's Inc.
1017,TRNS,Transcat
1018,RDWR,Radware Ltd.
1019,ASTL,Algoma Steel Group Inc.
1020,COGT,Cogent Biosciences
1021,KRUS,Kura Sushi USA
1022,ESTA,Establishment Labs Holdings Inc.
1023,AVBP,ArriVent BioPharma
1024,SLRC,SLR Investment Corp.
1025,NESR,National Energy Services Reunited Corp.
1026,HTLD,Heartland Express
1027,GDEN,Golden Entertainment
1028,BASE,Couchbase
1029,FMBH,First Mid Bancshares
1030,EOLS,Evolus
1031,MATW,Matthews International Corporation
1032,BCYC,Bicycle Therapeutics plc
1033,CRESY,Cresud Sociedad Anónima
1034,EYE,National Vision Holdings
1035,AVXL,Anavex Life Sciences Corp.
1036,CNOB,ConnectOne Bancorp
1037,PPTA,Perpetua Resources Corp.
1038,PAHC,Phibro Animal Health Corporation
1039,SNCY,Sun Country Airlines Holdings
1040,STKL,SunOpta Inc.
1041,UVSP,Univest Financial Corporation
1042,TRIN,Trinity Capital Inc.
1043,FUFU,BitFuFu Inc.
1044,MSEX,Middlesex Water Company
1045,GCT,GigaCloud Technology Inc.
1046,CVAC,CureVac N.V.
1047,INDI,indie Semiconductor
1048,DMRC,Digimarc Corporation
1049,AVO,Mission Produce
1050,PRAA,PRA Group
1051,SEDG,SolarEdge Technologies
1052,ADV,Advantage Solutions Inc.
1053,HCKT,The Hackett Group
1054,SERV,Serve Robotics Inc.
1055,ATLC,Atlanticus Holdings Corporation
1056,PRTA,Prothena Corporation plc
1057,AIOT,PowerFleet
1058,ETNB,89bio
1059,HFWA,Heritage Financial Corporation
1060,TYRA,Tyra Biosciences
1061,ERII,Energy Recovery
1062,NBN,Northeast Bank
1063,HCSG,Healthcare Services Group
1064,OSBC,Old Second Bancorp
1065,CBLL,CeriBell
1066,ASTE,Astec Industries
1067,SEPN,Septerna
1068,BFST,Business First Bancshares
1069,ADTN,ADTRAN Holdings
1070,SWIM,Latham Group
1071,ARKO,Arko Corp.
1072,IIIV,i3 Verticals
1073,NBBK,NB Bancorp
1074,RLAY,Relay Therapeutics
1075,BJRI,BJ's Restaurants
1076,FIP,FTAI Infrastructure Inc.
1077,ADSE,ADS-TEC Energy PLC
1078,DAKT,Daktronics
1079,NTGR,NETGEAR
1080,TCPC,BlackRock TCP Capital Corp.
1081,UXIN,Uxin Limited
1082,ANNA,AleAnna
1083,AXGN,Axogen
1084,SCVL,Shoe Carnival
1085,MGPI,MGP Ingredients
1086,CDMO,Avid Bioservices
1087,MCBS,MetroCity Bankshares
1088,MBWM,Mercantile Bank Corporation
1089,CEVA,CEVA
1090,GLDD,Great Lakes Dredge & Dock Corporation
1091,SHLS,Shoals Technologies Group
1092,IPX,IperionX Limited
1093,EGBN,Eagle Bancorp
1094,BITF,Bitfarms Ltd.
1095,IRMD,IRADIMED CORPORATION
1096,FCBC,First Community Bankshares
1097,QURE,uniQure N.V.
1098,MLAB,Mesa Laboratories
1099,OPT,Opthea Limited
1100,AVDL,Avadel Pharmaceuticals plc
1101,FDUS,Fidus Investment Corporation
1102,SANA,Sana Biotechnology
1103,CRMD,CorMedix Inc.
1104,SCWX,SecureWorks Corp.
1105,MBUU,Malibu Boats
1106,GSM,Ferroglobe PLC
1107,CFB,CrossFirst Bankshares
1108,DH,Definitive Healthcare Corp.
1109,JACK,Jack in the Box Inc.
1110,ABL,Abacus Life
1111,IBCP,Independent Bank Corporation
1112,CSTL,Castle Biosciences
1113,TIPT,Tiptree Inc.
1114,CTKB,Cytek Biosciences
1115,CAC,Camden National Corporation
1116,OSPN,OneSpan Inc.
1117,HBT,HBT Financial
1118,CFFN,Capitol Federal Financial
1119,ORIC,ORIC Pharmaceuticals
1120,CRON,Cronos Group Inc.
1121,CSIQ,Canadian Solar Inc.
1122,HBNC,Horizon Bancorp
1123,CCAP,Crescent Capital BDC
1124,RBBN,Ribbon Communications Inc.
1125,PUBM,PubMatic
1126,PGY,Pagaya Technologies Ltd.
1127,THRY,Thryv Holdings
1128,IMOS,ChipMOS TECHNOLOGIES INC.
1129,FNKO,Funko
1130,GOOD,Gladstone Commercial Corporation
1131,CLNE,Clean Energy Fuels Corp.
1132,SSYS,Stratasys Ltd.
1133,MVST,Microvast Holdings
1134,PRTH,Priority Technology Holdings
1135,OFIX,Orthofix Medical Inc.
1136,WRLD,World Acceptance Corporation
1137,ORRF,Orrstown Financial Services
1138,RPAY,Repay Holdings Corporation
1139,PLPC,Preformed Line Products Company
1140,BYRN,Byrna Technologies Inc.
1141,RCAT,Red Cat Holdings
1142,TECX,Tectonic Therapeutic
1143,HAFC,Hanmi Financial Corporation
1144,GSBC,Great Southern Bancorp
1145,SIBN,SI-BONE
1146,SLP,Simulations Plus
1147,EZPW,EZCORP
1148,ODP,The ODP Corporation
1149,LENZ,LENZ Therapeutics
1150,ITRN,Ituran Location and Control Ltd.
1151,CAPR,Capricor Therapeutics
1152,GLAD,Gladstone Capital Corporation
1153,CGNT,Cognyte Software Ltd.
1154,VERV,Verve Therapeutics
1155,IMTX,Immatics N.V.
1156,PLRX,Pliant Therapeutics
1157,BZAI,Blaize Holdings
1158,CAN,Canaan Inc.
1159,MNRO,Monro
1160,BVS,Bioventus Inc.
1161,EVLV,Evolv Technologies Holdings
1162,VINP,Vinci Partners Investments Ltd.
1163,NCMI,National CineMedia
1164,EU,enCore Energy Corp.
1165,WEST,Westrock Coffee Company
1166,ESQ,Esquire Financial Holdings
1167,SMBC,Southern Missouri Bancorp
1168,CRML,Critical Metals Corp.
1169,NVTS,Navitas Semiconductor Corporation
1170,MOFG,MidWestOne Financial Group
1171,MNTK,Montauk Renewables
1172,UFCS,United Fire Group
1173,KIDS,OrthoPediatrics Corp.
1174,HTBI,HomeTrust Bancshares
1175,LYTS,LSI Industries Inc.
1176,FSBC,Five Star Bancorp
1177,CNDT,Conduent Incorporated
1178,AMRK,A-Mark Precious Metals
1179,BCAX,Bicara Therapeutics Inc.
1180,MGIC,Magic Software Enterprises Ltd.
1181,AUTL,Autolus Therapeutics plc
1182,KRT,Karat Packaging Inc.
1183,ABUS,Arbutus Biopharma Corporation
1184,SHEN,Shenandoah Telecommunications Company
1185,DNTH,Dianthus Therapeutics
1186,WASH,Washington Trust Bancorp
1187,NEXN,Nexxen International Ltd.
1188,ECX,ECARX Holdings Inc.
1189,DJCO,Daily Journal Corporation
1190,LIND,Lindblad Expeditions Holdings
1191,EVER,EverQuote
1192,IMNM,Immunome
1193,KURA,Kura Oncology
1194,PHAR,Pharming Group N.V.
1195,CRGX,CARGO Therapeutics
1196,RMR,The RMR Group Inc.
1197,HNST,The Honest Company
1198,CCBG,Capital City Bank Group
1199,LEGH,Legacy Housing Corporation
1200,INV,Innventure
1201,TRST,TrustCo Bank Corp NY
1202,LPRO,Open Lending Corporation
1203,CGEM,Cullinan Therapeutics
1204,LAB,Standard BioTools Inc.
1205,FARO,FARO Technologies
1206,IMXI,International Money Express
1207,SFIX,Stitch Fix
1208,RXT,Rackspace Technology
1209,GPRE,Green Plains Inc.
1210,SPTN,SpartanNash Company
1211,ATRO,Astronics Corporation
1212,SPFI,South Plains Financial
1213,CRNC,Cerence Inc.
1214,CTLP,Cantaloupe
1215,EYPT,EyePoint Pharmaceuticals
1216,ACIC,American Coastal Insurance Corporation
1217,CLMB,Climb Global Solutions
1218,IRWD,Ironwood Pharmaceuticals
1219,HUMA,Humacyte
1220,CCRN,Cross Country Healthcare
1221,VREX,Varex Imaging Corporation
1222,HTBK,Heritage Commerce Corp
1223,FRPH,FRP Holdings
1224,ZJK,ZJK Industrial Co.
1225,MPB,Mid Penn Bancorp
1226,SVRA,Savara Inc.
1227,ALTI,AlTi Global
1228,SCHL,Scholastic Corporation
1229,TMCI,Treace Medical Concepts
1230,LASR,nLIGHT
1231,CLFD,Clearfield
1232,FLWS,1-800-FLOWERS.COM
1233,FLX,BingEx Limited
1234,THFF,First Financial Corporation
1235,STOK,Stoke Therapeutics
1236,ACCD,Accolade
1237,HNRG,Hallador Energy Company
1238,HIFS,Hingham Institution for Savings
1239,PGC,Peapack-Gladstone Financial Corporation
1240,CASS,Cass Information Systems
1241,UPB,Upstream Bio
1242,ATEX,Anterix Inc.
1243,TREE,LendingTree
1244,ERAS,Erasca
1245,SRDX,Surmodics
1246,BTBT,Bit Digital
1247,TALK,Talkspace
1248,WLDN,Willdan Group
1249,TMC,TMC the metals company Inc.
1250,NYMT,New York Mortgage Trust
1251,METC,Ramaco Resources
1252,OPAL,OPAL Fuels Inc.
1253,RSVR,Reservoir Media
1254,FISI,Financial Institutions
1255,METCB,Ramaco Resources
1256,FLGT,Fulgent Genetics
1257,DHC,Diversified Healthcare Trust
1258,CCNE,CNB Financial Corporation
1259,SKYT,SkyWater Technology
1260,OUST,Ouster
1261,FBYD,Falcon's Beyond Global
1262,AKBA,Akebia Therapeutics
1263,SHBI,Shore Bancshares
1264,DDI,DoubleDown Interactive Co.
1265,TBPH,Theravance Biopharma
1266,FFWM,First Foundation Inc.
1267,XERS,Xeris Biopharma Holdings
1268,SMLR,Semler Scientific
1269,SBC,SBC Medical Group Holdings Incorporated
1270,NNDM,Nano Dimension Ltd.
1271,KELYA,Kelly Services
1272,SENEA,Seneca Foods Corporation
1273,ANAB,AnaptysBio
1274,MNMD,Mind Medicine (MindMed) Inc.
1275,GAMB,Gambling.com Group Limited
1276,KELYB,Kelly Services
1277,DCTH,Delcath Systems
1278,EBTC,Enterprise Bancorp
1279,CCSI,Consensus Cloud Solutions
1280,RICK,RCI Hospitality Holdings
1281,RAPP,Rapport Therapeutics
1282,SENEB,Seneca Foods Corporation
1283,PFIS,Peoples Financial Services Corp.
1284,FMNB,Farmers National Banc Corp.
1285,INNV,InnovAge Holding Corp.
1286,TCBX,Third Coast Bancshares
1287,LINC,Lincoln Educational Services Corporation
1288,MXCT,MaxCyte
1289,ALRS,Alerus Financial Corporation
1290,PROK,ProKidney Corp.
1291,DCGO,DocGo Inc.
1292,NFBK,Northfield Bancorp
1293,DOYU,DouYu International Holdings Limited
1294,DGICA,Donegal Group Inc.
1295,ALT,Altimmune
1296,MLYS,Mineralys Therapeutics
1297,HONE,HarborOne Bancorp
1298,DGICB,Donegal Group Inc.
1299,RZLV,Rezolve AI Limited
1300,RNAC,Cartesian Therapeutics
1301,ANGO,AngioDynamics
1302,CLPT,ClearPoint Neuro
1303,VLGEA,Village Super Market
1304,RDVT,Red Violet
1305,GAIN,Gladstone Investment Corporation
1306,NWPX,Northwest Pipe Company
1307,ASPI,ASP Isotopes Inc.
1308,MGTX,MeiraGTx Holdings plc
1309,OMER,Omeros Corporation
1310,MTLS,Materialise NV
1311,FFIC,Flushing Financial Corporation
1312,AIP,Arteris
1313,BIGC,BigCommerce Holdings
1314,BCAL,California BanCorp.
1315,NNOX,Nano-X Imaging Ltd.
1316,API,Agora
1317,UNTY,Unity Bancorp
1318,HAIN,The Hain Celestial Group
1319,KROS,Keros Therapeutics
1320,CBNK,Capital Bancorp
1321,KE,Kimball Electronics
1322,GLRE,Greenlight Capital Re
1323,QTRX,Quanterix Corporation
1324,BAND,Bandwidth Inc.
1325,PHAT,Phathom Pharmaceuticals
1326,SWBI,Smith & Wesson Brands
1327,SNDL,SNDL Inc.
1328,ARCT,Arcturus Therapeutics Holdings Inc.
1329,PACB,Pacific Biosciences of California
1330,SIGA,SIGA Technologies
1331,BWMN,Bowman Consulting Group Ltd.
1332,ABSI,Absci Corporation
1333,GHRS,GH Research PLC
1334,SVC,Service Properties Trust
1335,MITK,Mitek Systems
1336,CDXC,ChromaDex Corporation
1337,AROW,Arrow Financial Corporation
1338,TRDA,Entrada Therapeutics
1339,ANSC,Agriculture & Natural Solutions Acquisition Corporation
1340,LVRO,Lavoro Limited
1341,YI,111
1342,BIOX,Bioceres Crop Solutions Corp.
1343,AIRJ,AirJoule Technologies Corporation
1344,MREO,Mereo BioPharma Group plc
1345,TRML,Tourmaline Bio
1346,GCBC,Greene County Bancorp
1347,ALNT,Allient Inc.
1348,ORGO,Organogenesis Holdings Inc.
1349,MERC,Mercer International Inc.
1350,JFIN,Jiayin Group Inc.
1351,PRCH,Porch Group
1352,MFH,Mercurity Fintech Holding Inc.
1353,KRNY,Kearny Financial Corp.
1354,AMCX,AMC Networks Inc.
1355,OLMA,Olema Pharmaceuticals
1356,NRIM,Northrim BanCorp
1357,BBCP,Concrete Pumping Holdings
1358,ANNX,Annexon
1359,NPCE,NeuroPace
1360,BLDP,Ballard Power Systems Inc.
1361,PSNL,Personalis
1362,SAGE,Sage Therapeutics
1363,YORW,The York Water Company
1364,GRVY,Gravity Co.
1365,URGN,UroGen Pharma Ltd.
1366,CVRX,CVRx
1367,PERI,Perion Network Ltd.
1368,ETON,Eton Pharmaceuticals
1369,VBNK,VersaBank
1370,MSBI,Midland States Bancorp
1371,ZVRA,Zevra Therapeutics
1372,GEVO,Gevo
1373,ITIC,Investors Title Company
1374,TKNO,Alpha Teknova
1375,CVGW,Calavo Growers
1376,ORKA,Oruka Therapeutics
1377,KALV,KalVista Pharmaceuticals
1378,RWAY,Runway Growth Finance Corp.
1379,CELC,Celcuity Inc.
1380,ACTG,Acacia Research Corporation
1381,CRNT,Ceragon Networks Ltd.
1382,GRPN,Groupon
1383,NRC,National Research Corporation
1384,BSRR,Sierra Bancorp
1385,SNBR,Sleep Number Corporation
1386,KOD,Kodiak Sciences Inc.
1387,OFLX,Omega Flex
1388,PRTC,PureTech Health plc
1389,SHYF,The Shyft Group
1390,ATXS,Astria Therapeutics
1391,QSI,Quantum-Si incorporated
1392,TCMD,Tactile Systems Technology
1393,LE,Lands' End
1394,KMDA,Kamada Ltd.
1395,GILT,Gilat Satellite Networks Ltd.
1396,SOHU,Sohu.com Limited
1397,LMNR,Limoneira Company
1398,MTRX,Matrix Service Company
1399,WALD,Waldencast plc
1400,ESPR,Esperion Therapeutics
1401,NETD,Nabors Energy Transition Corp. II
1402,OTLY,Oatly Group AB
1403,CRMT,America's Car-Mart
1404,CARE,Carter Bankshares
1405,VALU,Value Line
1406,CWCO,Consolidated Water Co. Ltd.
1407,HIVE,HIVE Digital Technologies Ltd.
1408,DHIL,Diamond Hill Investment Group
1409,BSVN,Bank7 Corp.
1410,PGEN,Precigen
1411,ALLO,Allogene Therapeutics
1412,ABVX,ABIVAX Société Anonyme
1413,KBSX,FST Corp.
1414,PRME,Prime Medicine
1415,TSSI,TSS
1416,POET,POET Technologies Inc.
1417,CDXS,Codexis
1418,LOVE,The Lovesac Company
1419,ZIMV,ZimVie Inc.
1420,CYRX,Cryoport
1421,NYXH,Nyxoah S.A.
1422,LSAK,Lesaka Technologies
1423,AURA,Aura Biosciences
1424,ZEUS,Olympic Steel
1425,FBIZ,First Business Financial Services
1426,LESL,Leslie's
1427,RIGL,Rigel Pharmaceuticals
1428,RGNX,REGENXBIO Inc.
1429,VALN,Valneva SE
1430,GOCO,GoHealth
1431,OABI,OmniAb
1432,HBCP,Home Bancorp
1433,PNRG,PrimeEnergy Resources Corporation
1434,BMRC,Bank of Marin Bancorp
1435,RVNC,Revance Therapeutics
1436,TERN,Terns Pharmaceuticals
1437,EWCZ,European Wax Center
1438,LGTY,Logility Supply Chain Solutions
1439,LAND,Gladstone Land Corporation
1440,APEI,American Public Education
1441,CCIX,Churchill Capital Corp IX
1442,MVIS,MicroVision
1443,AHG,Akso Health Group
1444,HRZN,Horizon Technology Finance Corporation
1445,USCB,USCB Financial Holdings
1446,BWB,Bridgewater Bancshares
1447,EGHT,8x8
1448,RR,Richtech Robotics Inc.
1449,PBPB,Potbelly Corporation
1450,AEHR,Aehr Test Systems
1451,TBCH,Turtle Beach Corporation
1452,IHRT,iHeartMedia
1453,RRBI,Red River Bancshares
1454,DADA,Dada Nexus Limited
1455,CERS,Cerus Corporation
1456,GPAT,GP-Act III Acquisition Corp.
1457,ASLE,AerSale Corporation
1458,ENGN,enGene Holdings Inc.
1459,ALF,Centurion Acquisition Corp.
1460,CMPX,Compass Therapeutics
1461,CWBC,Community West Bancshares
1462,ZSPC,zSpace
1463,ALMS,Alumis Inc.
1464,FRBA,First Bank
1465,MBAV,M3-Brigade Acquisition V Corp.
1466,WTBA,West Bancorporation
1467,BRY,Berry Corporation
1468,MBX,MBX Biosciences
1469,TITN,Titan Machinery Inc.
1470,FMAO,Farmers & Merchants Bancorp
1471,LXRX,Lexicon Pharmaceuticals
1472,UROY,Uranium Royalty Corp.
1473,PAMT,Pamt Corp.
1474,CMRX,Chimerix
1475,PANL,Pangaea Logistics Solutions
1476,LOCO,El Pollo Loco Holdings
1477,RDUS,Radius Recycling
1478,HCAT,Health Catalyst
1479,KRRO,Korro Bio
1480,TRVI,Trevi Therapeutics
1481,ARQQ,Arqit Quantum Inc.
1482,NEWT,NewtekOne
1483,LWAY,Lifeway Foods
1484,RBB,RBB Bancorp
1485,NMRA,Neumora Therapeutics
1486,WEYS,Weyco Group
1487,KLTR,Kaltura
1488,CDZI,Cadiz Inc.
1489,NVEC,NVE Corporation
1490,ACNB,ACNB Corporation
1491,CRVS,Corvus Pharmaceuticals
1492,GLUE,Monte Rosa Therapeutics
1493,JOUT,Johnson Outdoors Inc.
1494,GIG,GigCapital7 Corp.
1495,CIVB,Civista Bancshares
1496,TBRG,TruBridge
1497,SPOK,Spok Holdings
1498,VMD,Viemed Healthcare
1499,PKOH,Park-Ohio Holdings Corp.
1500,DENN,Denny's Corporation